filename, healthy, lumpy,valid,Bin
37_jpg.rf.583270f81aad69fe1fa331edd1a8d7da.jpg,0,1,1,1
8_jpg.rf.5744e632fa0e1f44d677bc5405233f02.jpg,0,1,1,1
36_jpg.rf.530ca130a108b3e31c4f812330bd4211.jpg,0,1,1,1
Ayrshirecattle30_c_jpg.rf.569ea435b44be8110b7c1b0627ff5ce5.jpg,1,0,1,0
Ayrshirecattle146_c_jpg.rf.552c1cf35f85ae054c354fb83d3c9084.jpg,1,0,1,0
Ayrshirecattle46_c_jpg.rf.569dcb5abe437222c03aefb88ef46f10.jpg,1,0,1,0
images-29-_jpg.rf.571723c43f9528eb73e9b71fe7fe25d4.jpg,1,0,1,0
Ayrshirecattle38_c_jpg.rf.5823f7a9d93fc519f0f04fef7084dc9a.jpg,1,0,1,0
IMG-20220830-WA0048_jpg.rf.58b4d1e20c12f4a0fbc42e4a309d39c3.jpg,0,1,1,1
IMG_20220830_075845_jpg.rf.5a48a3ff94e581961cd2a78708196954.jpg,0,1,1,1
IMG_20220906_172420_jpg.rf.5509f22ce3e44a76985818784f7010ee.jpg,0,1,1,1
Ayrshirecattle105_c_jpg.rf.52d1449c3b523cff0897ee3c7749fa02.jpg,1,0,1,0
download-23-_jpg.rf.570ec7ae5bee7f49694563af72d5fd01.jpg,1,0,1,0
IMG-20220830-WA0190_jpg.rf.5773dd494c2112a0eb6b9bc50ada5276.jpg,0,1,1,1
Ayrshirecattle113_c_jpg.rf.5986488d6fbad186858f4c1c7d448c30.jpg,1,0,1,0
1_jpg.rf.559de8c38792c7d4fede9534bfe19933.jpg,0,1,1,1
Ayrshirecattle51_c_jpg.rf.5a517404b5271de6a6602fda0cb88f11.jpg,1,0,1,0
IMG_20220830_075854_jpg.rf.59c6b15d6ae4a6b137883e2e37177af8.jpg,0,1,1,1
Ayrshirecattle95_c_jpg.rf.59aab817b5b2293fdb628061c92df41f.jpg,1,0,1,0
25_jpg.rf.51c78e5f98f39a162016f299469402f2.jpg,0,1,1,1
Ayrshirecattle85_c_jpg.rf.5a37416b5634b06aff242ef9aa0c378d.jpg,1,0,1,0
IMG_20220830_104851_jpg.rf.59a1c385690cbd88430c1f9f235b54b3.jpg,0,1,1,1
66_jpg.rf.5a5acc229980f2e2c5f92408995f20cb.jpg,0,1,1,1
47_jpg.rf.5ac68b5bd80da66ec121b8d3e6523b3e.jpg,0,1,1,1
Ayrshirecattle109_c_jpg.rf.5d8b6ad10d77c7b2dc541ccf6d6462b0.jpg,1,0,1,0
IMG_20220830_080456_jpg.rf.54cfadbf26806c1b4cb99a2dc579a930.jpg,0,1,1,1
IMG-20220830-WA0087_jpg.rf.5bb65513c4c497750ef7210827e5b44e.jpg,0,1,1,1
Ayrshirecattle43_c_jpg.rf.5a158604d82f089103f96ebd36c0c63b.jpg,1,0,1,0
Ayrshirecattle84_c_jpg.rf.5e5e4aa604c2c68604aae89c399b9730.jpg,1,0,1,0
Ayrshirecattle30_jpg.rf.5dfacf66fc1945c90fa8f9e8c4364108.jpg,1,0,1,0
Ayrshirecattle78_jpg.rf.5ef7e1fcf129b7763131721f51eb44db.jpg,1,0,1,0
IMG_20220829_124341_jpg.rf.61511a21f8b4493c98b87f6f0e5cd711.jpg,0,1,1,1
IMG_20220906_174657_jpg.rf.5c599a7cb159668327d228e5c3f4f8e5.jpg,0,1,1,1
Ayrshirecattle66_jpg.rf.612209566132901ed81c2e70ca49a386.jpg,1,0,1,0
71_jpg.rf.6138023cc1df14a6d3dbb928db8def6e.jpg,0,1,1,1
IMG-20220830-WA0192_jpg.rf.606b6dc1106aa0e62a0f220cc05f0131.jpg,0,1,1,1
Ayrshirecattle72_jpg.rf.5ef9c6aa6648a5ea16b80d769220ca6b.jpg,1,0,1,0
Ayrshirecattle105_jpg.rf.621c8d99489b39a446f8138288e2b8ad.jpg,1,0,1,0
Ayrshirecattle45_c_jpg.rf.63168545e150e6524d8cf2c0ed34bb6c.jpg,1,0,1,0
Ayrshirecattle90_jpg.rf.64fb37794b8bade429febd3c77976ade.jpg,1,0,1,0
IMG-20220830-WA0252_jpg.rf.63417c5837096e85a5d40b182de8f427.jpg,0,1,1,1
IMG-20220830-WA0052_jpg.rf.645e8f9b972a7cb7107df75beae6a4a6.jpg,0,1,1,1
Ayrshirecattle45_c_jpg.rf.646f5aa03bb5bc5e4695d98514de0f7f.jpg,1,0,1,0
25_jpg.rf.6622818fe6482ce99d7d5a9089e910f3.jpg,0,1,1,1
Ayrshirecattle41_c_jpg.rf.65f86e82afc34bd1613a892ea7e990fe.jpg,1,0,1,0
IMG-20220830-WA0239_jpg.rf.6659bb3c218f8d477fd9b5d95facd3c4.jpg,0,1,1,1
Ayrshirecattle119_c_jpg.rf.66c4cb99eaa08c2d2db53a84dcd6f629.jpg,1,0,1,0
Ayrshirecattle146_c_jpg.rf.67c16d61824f1e20ea5e23dadbb06614.jpg,1,0,1,0
IMG-20220830-WA0127_jpg.rf.66e36691ec705d11544bbe0a2505b8a6.jpg,0,1,1,1
Ayrshirecattle60_c_jpg.rf.67c34d0939e91b4aeef6d24e89658e45.jpg,1,0,1,0
Ayrshirecattle54_c_jpg.rf.67d3c2c6f09b7aa02ede1e62cba3d6e9.jpg,1,0,1,0
Ayrshirecattle86_jpg.rf.66b986b120a14370bdd625cd285f6b34.jpg,1,0,1,0
82_jpg.rf.68f2a2cf76f36f88a31df75136c782a3.jpg,0,1,1,1
Ayrshirecattle44_c_jpg.rf.689b40821314b7e7ead9bb3c6b1d45ce.jpg,1,0,1,0
27_jpg.rf.68d8150f5b134c4ad9f51aef54446e6d.jpg,0,1,1,1
images-17-_jpg.rf.69923d6a045893a0d34b8d2fdd2963d3.jpg,1,0,1,0
IMG_20220829_124341_jpg.rf.69aef072de8d2120b3442dd136ffb85b.jpg,0,1,1,1
FB_IMG_1662698173191_jpg.rf.69d90015ee1e8d4cc51b1baca1497b4f.jpg,0,1,1,1
IMG_20220830_110005_jpg.rf.6a0976fcca043e54b81dc4845498721b.jpg,0,1,1,1
Ayrshirecattle30_jpg.rf.69b09655c10ce39360f23c245722e62b.jpg,1,0,1,0
IMG-20220831-WA0006_jpg.rf.6a6f79e8a2e0d2306863ef42caf57231.jpg,0,1,1,1
Ayrshirecattle42_c_jpg.rf.6a9d1768dff5dc2f6394fc0d2570fc98.jpg,1,0,1,0
IMG-20220830-WA0238_jpg.rf.6b365b149eb38d9cf64e5ba0c892c380.jpg,0,1,1,1
images_jpg.rf.6bd690905ca4e6543edca76bb5530174.jpg,0,1,1,1
Ayrshirecattle102_jpg.rf.6ab37ef3d3c5a598c99bba59323da910.jpg,1,0,1,0
IMG-20220830-WA0125_jpg.rf.6bf6c56b013337604db74e87c152fbde.jpg,0,1,1,1
IMG-20220830-WA0164_jpg.rf.6c0b1923c3750c7ae29f7f1b60d9f6da.jpg,0,1,1,1
Ayrshirecattle121_jpg.rf.6c4e63ccd94fd9e4219c7227c14ca66a.jpg,1,0,1,0
81_jpg.rf.6ce1f8edc6a8602c5e621730247eb723.jpg,0,1,1,1
IMG-20220830-WA0200_jpg.rf.6d340754860934f1e58d2ab0ac696de6.jpg,0,1,1,1
Ayrshirecattle79_c_jpg.rf.6d4d3f9a8c136fc90e9d06b76fce88b4.jpg,1,0,1,0
IMG-20220830-WA0151_jpg.rf.6c2d695dbbe347aeaebddca6fcd17a39.jpg,0,1,1,1
IMG-20220830-WA0120_jpg.rf.6ffc10043e531c8b29c7895ee3b6b8f7.jpg,0,1,1,1
IMG_20220906_174355_jpg.rf.6ed11ee47b96de2c891ee9ffeefe6d91.jpg,0,1,1,1
Ayrshirecattle58_c_jpg.rf.7141f864074d0eb06d51cbae858674da.jpg,1,0,1,0
Ayrshirecattle146_c_jpg.rf.7167aaecb2c703c01862bd4883bbd891.jpg,1,0,1,0
34_jpg.rf.7072c3d8b12f9a51747479d45f1fbdc9.jpg,0,1,1,1
Ayrshirecattle69_jpg.rf.71a8ca6c712280b5daff480b2e7ce482.jpg,1,0,1,0
Ayrshirecattle86_jpg.rf.6dc40c2756b65440e7407359906b264d.jpg,1,0,1,0
IMG_20220830_075854_jpg.rf.73040d949e79e0f563bf3ac2d4ee5c7c.jpg,0,1,1,1
IMG-20220830-WA0074_jpg.rf.7308ef02d92e10255c7c0faf67f16a74.jpg,0,1,1,1
IMG-20220830-WA0253_jpg.rf.720373ef7e905a7b8b534585399d41ba.jpg,0,1,1,1
Ayrshirecattle66_jpg.rf.72f4c1069218677a2ea049552649e7b6.jpg,1,0,1,0
3_jpg.rf.73b09019ca589d4b6dbd208bb41f05b8.jpg,0,1,1,1
images-18-_jpg.rf.73cfbd120b254768f42b3f62ee674772.jpg,1,0,1,0
53_jpg.rf.7432ad09e4423f25df2e9a1593985c7b.jpg,0,1,1,1
IMG_20220830_075647_jpg.rf.74c6742468e8fb7594e84152db99c5ca.jpg,0,1,1,1
istockphoto-1373122449-612x612_jpg.rf.742685215bafdf6e63904c6a07640dd5.jpg,1,0,1,0
Ayrshirecattle51_jpg.rf.759d3c21ccea182eeceb021aea56cc10.jpg,1,0,1,0
IMG_20220830_081709_jpg.rf.751211bf34efe39b0b71cde818e3cabb.jpg,0,1,1,1
download-14-_jpg.rf.73dc425dd46760c56168332d5437fe7d.jpg,1,0,1,0
Ayrshirecattle90_c_jpg.rf.763f4bebe8f25bed4b76b923d6fc4841.jpg,1,0,1,0
download_jpg.rf.76926306aa68759266231d47bbf72d8a.jpg,1,0,1,0
download-5-_jpg.rf.78432d0041633ae15002b1a1b39a194b.jpg,1,0,1,0
IMG-20220830-WA0187_jpg.rf.765eb37bec71f5e2f7bd139b6613e0a7.jpg,0,1,1,1
Ayrshirecattle36_c_jpg.rf.7955dd4c801e661ef6a809a767da8f7f.jpg,1,0,1,0
Ayrshirecattle146_c_jpg.rf.7992f0de156043aa407df0c780bdbb3e.jpg,1,0,1,0
IMG-20220830-WA0195_jpg.rf.79a55c9827ee69cc5d59eded23b9447c.jpg,0,1,1,1
Ayrshirecattle141_c_jpg.rf.77331f76bec9c0d2ee759bcd1bc16a64.jpg,1,0,1,0
IMG_20220830_081709_jpg.rf.79f0772f46c96b67111c65cf5e955028.jpg,0,1,1,1
Ayrshirecattle78_jpg.rf.7ba0e4e49c61669df069a659be48d181.jpg,1,0,1,0
IMG-20220830-WA0187_jpg.rf.7a8493a7b93a6bfae3e9510cad73c4db.jpg,0,1,1,1
FB_IMG_1662698169299_jpg.rf.7be94efb2ae153945dfcb5d099323493.jpg,0,1,1,1
images-8-_jpg.rf.7e0ed034c62b3058cef284e2e1c2b1f6.jpg,1,0,1,0
Ayrshirecattle125_jpg.rf.7ee8e4b1eff8593559a41bac5bd63874.jpg,1,0,1,0
Ayrshirecattle121_jpg.rf.7f2fcb8b9275a4275e97eae9a30419d2.jpg,1,0,1,0
86_jpg.rf.7d917b7e4cc7530ce864cb461497d86d.jpg,0,1,1,1
Ayrshirecattle121_jpg.rf.7f82970ed6d0e820e5d4911e7d06275e.jpg,1,0,1,0
IMG-20220830-WA0105_jpg.rf.8055bac40b13c30b284b47ef4da0d6be.jpg,0,1,1,1
15_jpg.rf.7a59c7947d9d82a4894be4e6c352d59a.jpg,0,1,1,1
IMG-20220830-WA0238_jpg.rf.827ecde1c2ef3b91fd5d037efbb1ac9c.jpg,0,1,1,1
Ayrshirecattle30_jpg.rf.7fa4511ea809246ea49fbf2ec934401b.jpg,1,0,1,0
Ayrshirecattle0_c_jpg.rf.824c424256e751e85481bca946e354e8.jpg,1,0,1,0
images-6-_jpg.rf.828c1d363cb9472a4e8661b5d5fff03e.jpg,1,0,1,0
IMG_20220830_075746_jpg.rf.84c9706da23d70c3ccdd9a8e2626dcf8.jpg,0,1,1,1
download-9-_jpg.rf.8318c73973a30534032c35860ab29bb4.jpg,1,0,1,0
4_jpg.rf.83578108a8b7ad8d2a5f2ffdf6fa77b0.jpg,0,1,1,1
Ayrshirecattle1_c_jpg.rf.8776186f5ffc9171d1eafb5c38f1dd47.jpg,1,0,1,0
Ayrshirecattle86_c_jpg.rf.84f88570eccfc1d1aa388881f22f77dd.jpg,1,0,1,0
download-11-_jpg.rf.853f460c6eeb154f49c2568e5538e752.jpg,1,0,1,0
Ayrshirecattle60_c_jpg.rf.8852e02a3fd2e0d98c2725f32d6e6547.jpg,1,0,1,0
Ayrshirecattle125_jpg.rf.887861bd79bd088eb54fec88d5529632.jpg,1,0,1,0
Ayrshirecattle77_c_jpg.rf.8912381a2bc6dc8405ecf92fe856292e.jpg,1,0,1,0
Ayrshirecattle26_c_jpg.rf.862ace8a34a9539a47e6ae013399b802.jpg,1,0,1,0
IMG_20220830_105903_jpg.rf.8b132667ad4d28f8ac15ef86ab8caf5a.jpg,0,1,1,1
28_jpg.rf.87f36596df538e6ed58164ec0a46a1a4.jpg,0,1,1,1
Gallery_1661885931901_jpg.rf.8972a585270f7151c8b6c39ace946e9d.jpg,0,1,1,1
IMG-20220830-WA0205_jpg.rf.8d984569e8625112ebfc36abfdbea960.jpg,0,1,1,1
images-19-_jpg.rf.8eb9bbca91307adf2028cfe35098e9a8.jpg,1,0,1,0
Ayrshirecattle30_c_jpg.rf.8e6157efc44c2af06721f15b253d76f1.jpg,1,0,1,0
Ayrshirecattle142_c_jpg.rf.8ca88594ee3eabc47532cfb73dc1f676.jpg,1,0,1,0
Ayrshirecattle121_c_jpg.rf.8eafd95b5b9854e957da49132e26f716.jpg,1,0,1,0
IMG_20220906_172420_jpg.rf.8f504cd1bb7cedfbb36e2cef1c379e0a.jpg,0,1,1,1
Ayrshirecattle111_c_jpg.rf.9012af1341f94c2eb034c77d952ad52b.jpg,1,0,1,0
Ayrshirecattle3_jpg.rf.8f7b953ae173ba55ab58a8202ea8326b.jpg,1,0,1,0
Ayrshirecattle58_jpg.rf.9030eda634dea9f1f4dbbb99ce4af3fa.jpg,1,0,1,0
IMG_20220906_172416_jpg.rf.8cd63a4d870b7b59b8db9732f16a0ab4.jpg,0,1,1,1
1661079691_india-lumpy-disease1660851739-0_jpg.rf.8fd243b20006e632cd26dfc250bda331.jpg,0,1,1,1
Ayrshirecattle111_c_jpg.rf.916b6aa85854afe486cf25213cfef9e7.jpg,1,0,1,0
51_jpg.rf.9029f23964db13ea117756bd000ed272.jpg,0,1,1,1
IMG-20220830-WA0194_jpg.rf.91c34c702cd9da33aa6f5b6b22ad8712.jpg,0,1,1,1
IMG-20220830-WA0141_jpg.rf.92d80e2a1104b50b83318e0b071004de.jpg,0,1,1,1
IMG-20220830-WA0062_jpg.rf.9028cb9eb79f42a5cf3041f445d717bd.jpg,0,1,1,1
Gallery_1661885931901_jpg.rf.932aaa6e44f780118bc1ce2a5e78f7d2.jpg,0,1,1,1
67_jpg.rf.92a41bc68dd5929f973f3cd7dff27693.jpg,0,1,1,1
Ayrshirecattle29_c_jpg.rf.91b99756d588f3ee2915f4f70c5ba421.jpg,1,0,1,0
IMG_20220830_075803_jpg.rf.92eb1a23629ca07c6662b476512a995b.jpg,0,1,1,1
Ayrshirecattle70_c_jpg.rf.945e6693840603df1801ef68b0b9fcc6.jpg,1,0,1,0
74_jpg.rf.8f20103c5a775710431c7b6c7c86688c.jpg,0,1,1,1
IMG_20220830_113832_jpg.rf.93a44aed7ad97e72483489580e97ba32.jpg,0,1,1,1
25_jpg.rf.95a5413f0c01a7467d38f643389a3728.jpg,0,1,1,1
IMG_20220830_110358_jpg.rf.92b4384a2bb964c09104c8843894ca11.jpg,0,1,1,1
Ayrshirecattle56_jpg.rf.97270fd558869b162119f2928e77cbdf.jpg,1,0,1,0
IMG_20220830_103804_jpg.rf.96632944d1713667b217a7a788132f79.jpg,0,1,1,1
36_jpg.rf.960b41efa20a328f338521f235d5f622.jpg,0,1,1,1
Ayrshirecattle85_c_jpg.rf.98772b174614e659ff71410886c36594.jpg,1,0,1,0
FB_IMG_1662698173191_jpg.rf.99ed74911493ece7cf0a3a02b8de4935.jpg,0,1,1,1
download-8-_jpg.rf.9b43b247af6d2a78f68ec3649dcc2b60.jpg,1,0,1,0
Ayrshirecattle105_jpg.rf.99a1f946532858d2b86e94fcc7cdb50a.jpg,1,0,1,0
14_jpg.rf.9a4fcc6098a57286bd4bd609c0fa150f.jpg,0,0,0,1
14_jpg.rf.9cb6950b0d0a0f2126a0458ad39b7b90.jpg,0,1,1,1
images-23-_jpg.rf.94f22d3df62daad6cc93a02f59287155.jpg,1,0,1,0
49_jpg.rf.9b3a136f6ef1a0e717da7d1df9a216ac.jpg,0,1,1,1
IMG-20220830-WA0082_jpg.rf.9795f58ba380b67e7e8f2445c314c815.jpg,0,1,1,1
IMG-20220830-WA0052_jpg.rf.9e4c0f2b0d4f3b5c42905b9b44576657.jpg,0,1,1,1
download-12-_jpg.rf.9d731337a1b55fad23a1e99ffe1b8e70.jpg,1,0,1,0
Ayrshirecattle63_c_jpg.rf.9ed163e0fe971120fad4e2607b910530.jpg,1,0,1,0
IMG-20220830-WA0194_jpg.rf.97788d9173d20860469bf06a30798f01.jpg,0,1,1,1
IMG-20220830-WA0191_jpg.rf.9f156d9d2559cb3278c35ab7c010ef4b.jpg,0,1,1,1
IMG_20220830_081402_jpg.rf.9e9c14288afc260c8ce5901f84783d0d.jpg,0,1,1,1
IMG-20220830-WA0164_jpg.rf.9fb721b8bda99b4833812a05fbcc2550.jpg,0,1,1,1
25_jpg.rf.a069113668bab5a890fcfd5d00a17fc0.jpg,0,1,1,1
Ayrshirecattle84_c_jpg.rf.a01497924cd93cbf34e37c68c830c5b8.jpg,1,0,1,0
Ayrshirecattle134_jpg.rf.a1612922ea649f00731343f2911cb968.jpg,1,0,1,0
Ayrshirecattle57_c_jpg.rf.a13425dc0f5309e45a0a6ad0c91c7208.jpg,1,0,1,0
3_jpg.rf.a2822d3662bf3f400f2f5051aa54f122.jpg,0,1,1,1
Ayrshirecattle69_jpg.rf.a1826a1a58c3b4e71b843c7e69cff7e6.jpg,1,0,1,0
Ayrshirecattle57_c_jpg.rf.a17079e0ac6e190fbdbf74cf98b767c9.jpg,1,0,1,0
IMG-20220830-WA0047_jpg.rf.a62a7480fd6fbf4982435b1ce69b8bd4.jpg,0,1,1,1
Ayrshirecattle78_jpg.rf.a1dcf5c0f78ea7a2a0a7ea0c6419c088.jpg,1,0,1,0
Ayrshirecattle135_c_jpg.rf.a65262251208464fe621d238d468115c.jpg,1,0,1,0
images-4-_jpg.rf.a096a7433480292faba3e1447fa6a5c7.jpg,1,0,1,0
Ayrshirecattle56_c_jpg.rf.a6f21a6d18229d2b0635bb3c74a68341.jpg,1,0,1,0
IMG-20220830-WA0153_jpg.rf.a3ebfc0b8c652416cf32432fdc8e9348.jpg,0,1,1,1
35_jpg.rf.a6a39f002fab833c7ddeae38651fe30e.jpg,0,1,1,1
Ayrshirecattle79_c_jpg.rf.a790b726193ad423d0b4944bc1195f4a.jpg,1,0,1,0
46_jpg.rf.a983f29ed299b55bda02fffcf2aa1dcb.jpg,0,1,1,1
40_jpg.rf.a7b75bf29cf68f7fceb668df2a774258.jpg,0,1,1,1
IMG-20220830-WA0050_jpg.rf.a9ee604ebacafb2e5707d67a397fdb50.jpg,0,1,1,1
IMG-20220830-WA0189_jpg.rf.a7c389abcceaff1097fff8b47a779789.jpg,0,1,1,1
Ayrshirecattle36_jpg.rf.aa3f5be2cd004923bfa2eb7d7a45a350.jpg,1,0,1,0
IMG-20220830-WA0240_jpg.rf.a9bd76440961a10370facb8eee6c8e8d.jpg,0,1,1,1
IMG_20220829_130241_jpg.rf.a8fb82e29b10995a41520ea652ccc545.jpg,0,1,1,1
76_jpg.rf.a67ff67cd07eca5c81caeb60aef495fe.jpg,0,1,1,1
Ayrshirecattle0_jpg.rf.aaaba781e977e0fcc42f8ef17523255e.jpg,1,0,1,0
Ayrshirecattle142_jpg.rf.ab1721ffbd0e694860a472c8b5e691b3.jpg,1,0,1,0
Ayrshirecattle54_c_jpg.rf.ac3238f8222efd5cba650792e7fd7990.jpg,1,0,1,0
download-21-_jpg.rf.aaf4f35013263fd221c67565daa3308c.jpg,1,0,1,0
IMG_Lumpy_skin_disease_i_2_1_MAA9R3GQ_jpg.rf.ac5df7ebff31a311dbfb812e53e21523.jpg,0,1,1,1
IMG-20220830-WA0079_jpg.rf.ad7974ba1dda2bbb901722c9acaee54f.jpg,0,1,1,1
40_jpg.rf.aec1bfede6f77fe8e7cd428864c16223.jpg,0,1,1,1
18_jpg.rf.ad9694477967c21fdb9c920721bc7a6a.jpg,0,1,1,1
21_jpg.rf.af1e906a73aecd3fcf66983d78bf1077.jpg,0,1,1,1
Ayrshirecattle44_c_jpg.rf.afdd74d29e237c52758850f84079cc0f.jpg,1,0,1,0
Ayrshirecattle92_jpg.rf.aff80e6c74d19378257ffc136d619f7f.jpg,1,0,1,0
Ayrshirecattle133_jpg.rf.aefdc398860aa7cce44a6706b18441da.jpg,1,0,1,0
IMG_20220830_105903_jpg.rf.b08bc565a2f09ba9cf80f3f913b9c744.jpg,0,1,1,1
Ayrshirecattle56_c_jpg.rf.b01975e38f97f5ed46daf90148cb2b21.jpg,1,0,1,0
IMG-20220830-WA0126_jpg.rf.b0d3868fc7d6cd07dc394540563823c2.jpg,0,1,1,1
download-7-_jpg.rf.b20febc53c9ecdf86b1768a69afbc349.jpg,1,0,1,0
IMG-20220830-WA0053_jpg.rf.b351ceab57455c7786e5314b2742b2c2.jpg,0,1,1,1
4_jpg.rf.b315115b2497707d5d4c3864a64b5bfa.jpg,0,1,1,1
Ayrshirecattle145_jpg.rf.b11b591d1cc4dca2b09a5784a5f6161c.jpg,1,0,1,0
IMG_20220830_075845_jpg.rf.b26e31458a4bcb33d5a91e6f1391e5f5.jpg,0,1,1,1
IMG_20220830_081728_jpg.rf.b1e29618b30e4101d622659941fc82c7.jpg,0,1,1,1
download-6-_jpg.rf.b4f6d4387a9cd9c5fad91f6fd40de60f.jpg,1,0,1,0
Ayrshirecattle111_c_jpg.rf.b3df9c191f047e384cd670dba9ba1d69.jpg,1,0,1,0
IMG-20220830-WA0239_jpg.rf.b3e94487eb0806cf4ddbbf76394435ea.jpg,0,1,1,1
Ayrshirecattle70_c_jpg.rf.b505a11c055c9075d7d873b16ccdef48.jpg,1,0,1,0
Gallery_1661886020452_jpg.rf.b4345bb03b5cb60d81e6aadd606fafac.jpg,0,1,1,1
Ayrshirecattle78_c_jpg.rf.b57c18989f426a0b264ca57f54e5c7fd.jpg,1,0,1,0
IMG-20220830-WA0153_jpg.rf.b6e3d718bf8a6da4ae4792559e2d9452.jpg,0,1,1,1
35_jpg.rf.b74e2b13779a03d972cfa71db76a9339.jpg,0,1,1,1
Ayrshirecattle42_jpg.rf.b8670457a2e4da07427eac69156d8fcd.jpg,1,0,1,0
IMG-20220830-WA0047_jpg.rf.b39c2e41995fcdaa96a179938ecce2f2.jpg,0,1,1,1
IMG-20220830-WA0218_jpg.rf.b7ac6963fe7afdc8b3d00d77ac253ee5.jpg,0,1,1,1
IMG-20220830-WA0087_jpg.rf.b877db05296eb2116953aead15053388.jpg,0,1,1,1
Ayrshirecattle82_jpg.rf.ba851077d9a357869717655a79858e34.jpg,1,0,1,0
IMG-20220830-WA0200_jpg.rf.b991e320ef016b2acf94a9926de88dc7.jpg,0,1,1,1
download-13-_jpg.rf.bad6e8397415e281404f6ba7376e3654.jpg,1,0,1,0
IMG-20220830-WA0048_jpg.rf.b7ecb13ab6d5b75608611ca8d25fa7ae.jpg,0,1,1,1
IMG_20220830_104851_jpg.rf.b9216391175e7ff6def4926f52ec00d6.jpg,0,1,1,1
Ayrshirecattle27_c_jpg.rf.baff4ee341b5c36ecec2e434ca21c2ab.jpg,1,0,1,0
Ayrshirecattle102_c_jpg.rf.ba5551a9331038ba699172895085c1e5.jpg,1,0,1,0
Ayrshirecattle29_jpg.rf.bbc3cda0364d76ac914a0c71a8abc872.jpg,1,0,1,0
IMG-20220830-WA0107_jpg.rf.bb5a792b23953f6db857eedf4eb70104.jpg,0,1,1,1
IMG-20220830-WA0255_jpg.rf.bc37df79848c920133405eb07065bd2c.jpg,0,1,1,1
Bovine-affected-by-lumpy-skin-disease_jpg.rf.bc81158c6f17917b4f3d097eee050e5a.jpg,0,1,1,1
IMG-20220830-WA0255_jpg.rf.bd1d56502183f73561668aa3659044cb.jpg,0,1,1,1
FB_IMG_1662698175529_jpg.rf.bcc51a56f9c39fa8bda40512fed844a6.jpg,0,1,1,1
IMG_20220830_075803_jpg.rf.bd807bcf3870760af44e1a4a03c406b3.jpg,0,1,1,1
IMG-20220830-WA0190_jpg.rf.bf2780eea53d2dc381185d508f533338.jpg,0,1,1,1
IMG-20220830-WA0107_jpg.rf.c011158c1b0321176bf5d30c5b7da7f6.jpg,0,1,1,1
2_jpg.rf.c035237ee003f6ad14fa5f7cb8596505.jpg,0,1,1,1
Ayrshirecattle111_jpg.rf.c028a6e72ac6b66b35274bb384df5448.jpg,1,0,1,0
IMG-20220830-WA0053_jpg.rf.c053e725461ed58e991ff9d55b71cf9b.jpg,0,1,1,1
Ayrshirecattle67_c_jpg.rf.c0ea36106badab10db94759ae556c476.jpg,1,0,1,0
IMG-20220830-WA0252_jpg.rf.c0e92ea487b8415683a0c85bf740559b.jpg,0,1,1,1
IMG-20220830-WA0107_jpg.rf.bd6169abf2c6c67cd2532734c247d256.jpg,0,1,1,1
Ayrshirecattle141_c_jpg.rf.c07ec8a3cce7260ee81928093d4fa3f8.jpg,1,0,1,0
Ayrshirecattle56_c_jpg.rf.c41d8ec30875c31ef726736349a158e3.jpg,1,0,1,0
IMG_20220830_080243_jpg.rf.c88ca670eee19aa59e1695c5df938c12.jpg,0,1,1,1
Ayrshirecattle126_c_jpg.rf.c261bad7a1ab6ff721a3c0334d1dd4cb.jpg,1,0,1,0
Ayrshirecattle102_c_jpg.rf.c8cb481dbb6fc53d3809f5a5debd41a3.jpg,1,0,1,0
Ayrshirecattle70_jpg.rf.cbcf55d3cd0ae3e4b93dfb12cfdeddc8.jpg,1,0,1,0
images-27-_jpg.rf.c2bf488d612861abee76e9072d37ece2.jpg,1,0,1,0
17_jpg.rf.c2f3e22bf511ef4fddf53acd4864fecc.jpg,0,1,1,1
IMG-20220830-WA0253_jpg.rf.c227ad696fd2f89e2501b889a10f27fd.jpg,0,1,1,1
Ayrshirecattle47_c_jpg.rf.c29e976730adc70bbeee8e94f575c807.jpg,1,0,1,0
16_jpg.rf.c70482b756130829fb1a6e91d0ab4551.jpg,0,1,1,1
Ayrshirecattle5_c_jpg.rf.cbbd93a239f3c58fc98774984974ef61.jpg,1,0,1,0
Ayrshirecattle29_jpg.rf.c8877c9007d540a969637042c1de9fea.jpg,1,0,1,0
IMG-20220830-WA0120_jpg.rf.c8ceef52ea468bc7dc899d2787087e26.jpg,0,1,1,1
Ayrshirecattle70_jpg.rf.c39fcc0af7720c660f10f63ffb9d6ba7.jpg,1,0,1,0
images-1-_jpg.rf.c5e774af5fb5e57b398bdc2459a2b60c.jpg,0,1,1,1
IMG_20220830_110235_jpg.rf.c662f89a21f2eb6831c7bb5c2880458b.jpg,0,1,1,1
Ayrshirecattle90_jpg.rf.c9436eba5a51851d97cd30cc605a7cbf.jpg,1,0,1,0
IMG_20220830_110358_jpg.rf.c50b81074c82c26fe79d14f8af21e071.jpg,0,1,1,1
Ayrshirecattle27_c_jpg.rf.c3bed57a50e610f9e1e79174ed590244.jpg,1,0,1,0
Ayrshirecattle47_jpg.rf.c975b5cd5b84e6b8c229ed4bc6f9455a.jpg,1,0,1,0
IMG_20220830_080243_jpg.rf.c4368eff80d0381a982f12452b676fe9.jpg,0,1,1,1
28_jpg.rf.cae37fb1faa22992b030f759738d719e.jpg,0,1,1,1
48_jpg.rf.cbec9992e8b0007653723ec1fe3b5dfe.jpg,0,1,1,1
download-15-_jpg.rf.cc965eaad70111ab88049cf3d929ac25.jpg,1,0,1,0
A-LSDV-infected-cow_h2_jpg.rf.c929532265c4203e4a6505417926ce6b.jpg,0,1,1,1
Ayrshirecattle84_c_jpg.rf.cbfefec79f4514702c47d8728e6c73b0.jpg,1,0,1,0
7_jpg.rf.c1591067471131a5c2bdc0f47799c8f7.jpg,0,1,1,1
Ayrshirecattle2_jpg.rf.cd5ffac8ebf1da21b171f48dec6ad98b.jpg,1,0,1,0
IMG-20220830-WA0050_jpg.rf.c52af0f7ac9de899a912b22cf1242d26.jpg,0,1,1,1
IMG_20220906_174444_jpg.rf.cd70ce81082ff2e35652b7eccf40fb52.jpg,0,1,1,1
IMG-20220830-WA0087_jpg.rf.ce4d270c116c8d62640d40baa167d017.jpg,0,1,1,1
Ayrshirecattle118_jpg.rf.cdd59a2f19bb655254295f88fee41064.jpg,1,0,1,0
Ayrshirecattle5_c_jpg.rf.cdd755be88424e2a4431333b7a822c41.jpg,1,0,1,0
IMG_20220829_124341_jpg.rf.cf3f17c79cb309c85e6b0124995caded.jpg,0,1,1,1
IMG-20220830-WA0166_jpg.rf.ce88df95132a28099be0c31d8235129a.jpg,0,1,1,1
IMG-20220830-WA0240_jpg.rf.cfb4dd941bfa971958aa00517b4f64aa.jpg,0,1,1,1
IMG-20220830-WA0237_jpg.rf.ce672d289e9791193e955ebde195ef4e.jpg,0,1,1,1
33_jpg.rf.cf602b582fee713d106754a0eeb6f104.jpg,0,1,1,1
Ayrshirecattle84_jpg.rf.cfcf5762a95378450c09c9f1bcd7a580.jpg,1,0,1,0
Ayrshirecattle64_jpg.rf.cfe4a23d4fbdfef9ca1fa69cd7a669a6.jpg,1,0,1,0
Ayrshirecattle3_jpg.rf.d01ab8d4dc4e93cb592ec164d1b3498a.jpg,1,0,1,0
Ayrshirecattle51_c_jpg.rf.d0602f0a53a059e8ce1783c15eb9c565.jpg,1,0,1,0
IMG-20220831-WA0006_jpg.rf.d0d8cca3ad040ad3973e82905f625322.jpg,0,1,1,1
IMG_20220830_103804_jpg.rf.d0cbfdc723d733f850a276ea98dcdbf4.jpg,0,0,0,1
20_jpg.rf.d0c1a5992ddfb2911f107bf91ee02745.jpg,0,1,1,1
Gallery_1661885887156_jpg.rf.d053d1cfc4556cba3b85830a5abec69a.jpg,0,1,1,1
Ayrshirecattle119_c_jpg.rf.d1e112fa2b9faf4f10b9d72a19a2fbe1.jpg,1,0,1,0
Ayrshirecattle64_c_jpg.rf.d11539828cd01cb65a357cfefef6ab02.jpg,1,0,1,0
Ayrshirecattle29_c_jpg.rf.d347e5180c9d310e951e6cf1574c4000.jpg,1,0,1,0
12_jpg.rf.d2c81ba7153a73d2f80d5638bb95b0d5.jpg,0,1,1,1
Ayrshirecattle104_c_jpg.rf.d53baefe776a323c5de1831d405824d5.jpg,1,0,1,0
IMG_20220906_172314_jpg.rf.d14e9a083026f1d3da7e97921d05dbd5.jpg,0,1,1,1
Ayrshirecattle119_c_jpg.rf.d557bb6b6cc44944364be2ab47369164.jpg,1,0,1,0
images-1-_jpg.rf.d3f34082790f2fa4720ec7d67bbf7f55.jpg,0,1,1,1
28_jpg.rf.d6255d8dddf6ca8e01384ced9e283588.jpg,0,1,1,1
Bovine-affected-by-lumpy-skin-disease_jpg.rf.d2113ca1bd0539f503058a7160f25b04.jpg,0,1,1,1
Ayrshirecattle133_c_jpg.rf.d346bed2d1ce76fb538c9465193262ea.jpg,1,0,1,0
Ayrshirecattle65_c_jpg.rf.d729afd21930a8348dc729abe495bb03.jpg,1,0,1,0
IMG_20220830_075746_jpg.rf.d8df00efd98c1706980be6a63849b37b.jpg,0,1,1,1
Ayrshirecattle44_c_jpg.rf.d774efff8835cc32ed5b4fc037233f89.jpg,1,0,1,0
Ayrshirecattle54_c_jpg.rf.d7a03bf512fe45f92779093f5abe886f.jpg,1,0,1,0
images-12-_jpg.rf.d7304db9d19da3987bbc7a982b87f7da.jpg,1,0,1,0
IMG_20220830_113832_jpg.rf.db409c9614c6c7a1397381be5b0cecb5.jpg,0,1,1,1
16_jpg.rf.d8d04a8e5229c4a6c0adebd38a518574.jpg,0,1,1,1
images-32-_jpg.rf.dbb17eeb0bb07bb29504bd6a74556028.jpg,1,0,1,0
IMG-20220830-WA0050_jpg.rf.dc358f1a56a0d463fe4e868e0e3dfa24.jpg,0,1,1,1
IMG_20220830_081728_jpg.rf.dc72fa7b96a81c6a8d16119b71f19d0f.jpg,0,1,1,1
3_jpg.rf.d9e2a50382780cbce1c0c881f78dc79d.jpg,0,1,1,1
Ayrshirecattle27_jpg.rf.db6c5484a972c03e5129b71a66d21649.jpg,1,0,1,0
4_jpg.rf.dcca6d3f75116763cdc6a5fbf321b42c.jpg,0,1,1,1
Ayrshirecattle134_c_jpg.rf.dcecc6cb2597056b42fe0efa9c829e4e.jpg,1,0,1,0
Ayrshirecattle60_c_jpg.rf.dcbaa21d0024e0c172470db80b0375fe.jpg,1,0,1,0
Ayrshirecattle63_jpg.rf.dcd969aa42b57fba8e2ffaa536df71c0.jpg,1,0,1,0
images-15-_jpg.rf.dde73656d81fa466f39a6de9635c8ef8.jpg,1,0,1,0
Ayrshirecattle134_c_jpg.rf.dd4f5ae3ebbfd5e8101322a1333777af.jpg,0,0,0,1
IMG_20220906_174657_jpg.rf.dd9b706e002795a5740179645c38180a.jpg,0,1,1,1
IMG_20220906_174444_jpg.rf.ddbc2d43a5fca3b2e8c93fa6ded1ff57.jpg,0,1,1,1
download-20-_jpg.rf.df340c24e3d8afefac99cf6a19d8392a.jpg,1,0,1,0
images-3-_jpg.rf.de7867c5f0b64d7486d51ed179d85d6d.jpg,1,0,1,0
Ayrshirecattle89_c_jpg.rf.de4a4796b589f235d639a84a3f09bc52.jpg,1,0,1,0
Ayrshirecattle78_c_jpg.rf.dfaaac391cda2d189588228657fe4fae.jpg,1,0,1,0
Ayrshirecattle25_jpg.rf.e0faea2d6c47aca702a30b945ee58ae8.jpg,1,0,1,0
Ayrshirecattle88_c_jpg.rf.e13ca349117ca2bb1cdd61b02ca40992.jpg,1,0,1,0
Ayrshirecattle38_c_jpg.rf.e168689026ec348080f052f290db10af.jpg,1,0,1,0
Ayrshirecattle56_jpg.rf.e13ea13760c53023300615ac330fff48.jpg,1,0,1,0
IMG-20220830-WA0239_jpg.rf.e20ba4ca931c141428e7e3316d3afb40.jpg,0,1,1,1
Ayrshirecattle0_c_jpg.rf.e177db6993a53d65ee13843099628777.jpg,1,0,1,0
IMG_20220830_111220_jpg.rf.e2f784ea1d6550b9ed6296dbb40d52c8.jpg,0,1,1,1
Ayrshirecattle82_c_jpg.rf.e30e7ba3b748f203ebbaf055622dc09a.jpg,1,0,1,0
Ayrshirecattle90_c_jpg.rf.e3988ba7d55805cd56ee19bfaa78af50.jpg,1,0,1,0
Ayrshirecattle79_c_jpg.rf.e45f7006e940829a4b9f30fcf4750b03.jpg,1,0,1,0
images-30-_jpg.rf.e3af6671d4094fb6faa3b28a951ae3b3.jpg,1,0,1,0
Ayrshirecattle86_c_jpg.rf.e4ddb617ef70ef65c2f2687e75c213a7.jpg,1,0,1,0
Ayrshirecattle26_c_jpg.rf.e616534aa6f9da77d85ea7a8cf484636.jpg,1,0,1,0
Ayrshirecattle68_jpg.rf.e45824af433797dba4308eefcffaa92b.jpg,1,0,1,0
IMG-20220830-WA0062_jpg.rf.e6934dde127897876b0a488d332737b4.jpg,0,1,1,1
8_jpg.rf.e6cde51fbd6bb2a4c727acedbdf71d4c.jpg,0,1,1,1
Ayrshirecattle64_c_jpg.rf.e46e4ee51d2021b5d7e8671494fda5da.jpg,1,0,1,0
IMG_20220906_173427_jpg.rf.e7034908db7e9bb3abba3f95b0d77c3a.jpg,0,1,1,1
31_jpg.rf.e6d48a4becb94c208cf728b5f9305c03.jpg,0,1,1,1
download-19-_jpg.rf.e5a29d090aa3ea504b7a11b311421170.jpg,1,0,1,0
IMG_20220830_075854_jpg.rf.e70172ba14d0886c36ad218a936a535f.jpg,0,1,1,1
7_jpg.rf.e78dc558bad1ec9c6ea48c71dafb368d.jpg,0,1,1,1
IMG-20220830-WA0164_jpg.rf.e704b6bbd6552281f4597bf8ec7822a8.jpg,0,1,1,1
IMG-20220830-WA0079_jpg.rf.e7fe0a8c3230b37130bd725c3cc7a9f7.jpg,0,1,1,1
FB_IMG_1662698169299_jpg.rf.e7132e46b99a005f106a3f1f848ba85c.jpg,0,1,1,1
Ayrshirecattle63_c_jpg.rf.ea8c382eedf8f50cfb9db530c7961f24.jpg,1,0,1,0
Ayrshirecattle124_jpg.rf.e88fcfc1e70cd482fe6b4ed8a7adecc3.jpg,1,0,1,0
IMG-20220830-WA0053_jpg.rf.eb3f6d8c10754f6d63cdd659891bb277.jpg,0,1,1,1
Ayrshirecattle3_jpg.rf.ec18cfe14a71c7416f190786c0ca0b8a.jpg,1,0,1,0
IMG_20220830_081329_jpg.rf.ec6ca9e9b331b147ce5e5f35047f7805.jpg,0,1,1,1
IMG_20220830_110005_jpg.rf.ef291a47e6001721c2bff3c6f021c1f7.jpg,0,1,1,1
16_jpg.rf.ec82fda106a2ad2e1ef124a5814952d6.jpg,0,1,1,1
Ayrshirecattle121_c_jpg.rf.ec492f25d3db6f2521abfb76f1307cd4.jpg,1,0,1,0
27_jpg.rf.ed9160d0d7c5556c737926bc12c558f3.jpg,0,1,1,1
Ayrshirecattle36_jpg.rf.efe7e0d5690ea37ae69606b539d06cf3.jpg,1,0,1,0
Ayrshirecattle113_c_jpg.rf.eff95ebe57bfeab6d0a72342ba36ffb3.jpg,1,0,1,0
Ayrshirecattle95_jpg.rf.f1620f1d1333c1154210ac436d54c650.jpg,1,0,1,0
Ayrshirecattle2_c_jpg.rf.efb1a549f178c9cf61f9db4ef8c6ed35.jpg,1,0,1,0
55_jpg.rf.f0b985a827a57e14b651525385ee1dcd.jpg,0,1,1,1
Ayrshirecattle135_c_jpg.rf.effee37da8347c18b84ac10374eba2f3.jpg,1,0,1,0
IMG-20220830-WA0054_jpg.rf.f1fd631c5f169549087d6313fe5c28dc.jpg,0,1,1,1
85_jpg.rf.f2e067cbda3606b388b5d820491d37dc.jpg,0,1,1,1
IMG_Lumpy_skin_disease_i_2_1_MAA9R3GQ_jpg.rf.f1935805b4bcdb818404acc6d290b1cc.jpg,0,1,1,1
Ayrshirecattle142_jpg.rf.f4a51e00e0d56e4950c8a26fac6b941c.jpg,1,0,1,0
Ayrshirecattle47_jpg.rf.f4de0914622fed6e185c2b22d7f328b4.jpg,1,0,1,0
Gallery_1661885887156_jpg.rf.f2bac23b274ab7abb7620a675cfb3bfc.jpg,0,1,1,1
IMG-20220830-WA0253_jpg.rf.f35cc6d5377afa57e9fedd48f87cede2.jpg,0,1,1,1
Ayrshirecattle136_c_jpg.rf.f4dc954de4cb6dc9132388204ab3a389.jpg,1,0,1,0
Ayrshirecattle135_c_jpg.rf.f54eae9ede720a6c05eb39fb85c6d066.jpg,1,0,1,0
Ayrshirecattle68_jpg.rf.f62009cb8abace48912949356e5b655d.jpg,1,0,1,0
Ayrshirecattle134_jpg.rf.f768e657776712b13b112b7617c044f7.jpg,1,0,1,0
Ayrshirecattle86_c_jpg.rf.f5b968ab4bfacb7b055a9dd32584979f.jpg,1,0,1,0
IMG-20220830-WA0218_jpg.rf.f7887e0cfb7c7bb85cd91c3d41f924c2.jpg,0,1,1,1
Ayrshirecattle78_c_jpg.rf.f8e60909e4aa050153338856b2c82217.jpg,1,0,1,0
Ayrshirecattle84_jpg.rf.f9c0a721ed7931affa10be26fcc4d66d.jpg,1,0,1,0
Ayrshirecattle46_jpg.rf.f93a94910b05582959d3164ff5c1e513.jpg,1,0,1,0
IMG-20220830-WA0084_jpg.rf.fa338563827703d06f76449f0e587f2a.jpg,0,1,1,1
IMG_20220830_081529_jpg.rf.fa9ca20f97d588f6d90806b5686b0212.jpg,0,1,1,1
IMG_20220830_075746_jpg.rf.fa414f104cf52659a88404274d592cbe.jpg,0,1,1,1
IMG_20220830_103804_jpg.rf.f9e02089ac5bcee598f5f1d955d210bc.jpg,0,1,1,1
IMG_20220906_174444_jpg.rf.fabe2584b23397b8e5fc5961aa844404.jpg,0,1,1,1
download-26-_jpg.rf.fc593eaf986b5e00d4e166a4bebf4b3d.jpg,1,0,1,0
Ayrshirecattle26_c_jpg.rf.fcccf45b948c3ab4289a72538a5120c5.jpg,1,0,1,0
100_jpg.rf.fe03c23fdd88ebc8439e1a8062e2d034.jpg,0,1,1,1
Ayrshirecattle35_jpg.rf.fdde8416a2f819fab85e78922bf3cbe8.jpg,1,0,1,0
A-LSDV-infected-cow_h2_jpg.rf.fd19c46bb230f0c8570492a58e279768.jpg,0,1,1,1
Ayrshirecattle60_jpg.rf.fceda4ba1694ca0e1522f97cf3522f87.jpg,1,0,1,0
IMG_20220829_124417_jpg.rf.00f53b0c15bc0f02468955fc8d279714.jpg,0,1,1,1
IMG-20220830-WA0197_jpg.rf.028bbe3ee6aedf421c553ec936e6d458.jpg,0,1,1,1
Ayrshirecattle82_jpg.rf.02fb19b2043d48745420a1b77e76d7dd.jpg,1,0,1,0
Ayrshirecattle141_c_jpg.rf.0407284584a753d7efa37f9251b2652f.jpg,1,0,1,0
IMG_20220830_081728_jpg.rf.03d7d9ff64c7680dc1f685d0f8043200.jpg,0,1,1,1
images-10-_jpg.rf.03563cceedd1df89229053f7d3ae0863.jpg,1,0,1,0
3_jpg.rf.031c66706dc0f94b5cfa541b4b250668.jpg,0,1,1,1
Ayrshirecattle2_c_jpg.rf.023fde53fb6e4ede30e4cf6c9af4dbbd.jpg,1,0,1,0
Ayrshirecattle88_c_jpg.rf.045810658ae593314ee9aec3fa98513d.jpg,1,0,1,0
IMG-20220830-WA0074_jpg.rf.04b3f6f1e09ca920ca020483710d52d5.jpg,0,1,1,1
istockphoto-1048891852-612x612_jpg.rf.040f9d210e1e39167cb25e087c41d09a.jpg,1,0,1,0
download-2-_jpg.rf.04c10845d471b7cadfd19e3e55730f8a.jpg,1,0,1,0
Ayrshirecattle90_jpg.rf.04c6f47f99dd98c8b8c0fc2742daf895.jpg,1,0,1,0
download-10-_jpg.rf.06422afeb4aec30fbeca15cff469c3ac.jpg,1,0,1,0
Ayrshirecattle133_jpg.rf.05afe402c00e4d72eaedcc7fd07bc808.jpg,1,0,1,0
IMG-20220830-WA0126_jpg.rf.05d047f6726e3dd736bb604d7f47640c.jpg,0,1,1,1
14_jpg.rf.06f4aa32518ceddcf53afb7e20f58681.jpg,0,1,1,1
IMG_20220830_081329_jpg.rf.06ed707662bcb0ea34590f89b1d12f63.jpg,0,1,1,1
Ayrshirecattle47_jpg.rf.093d38c1c9f0706ed2ee7c12feac340a.jpg,1,0,1,0
download-4-_jpg.rf.09c87136a48a2c7fa9dfcc3ae9c443ae.jpg,1,0,1,0
Ayrshirecattle26_jpg.rf.086c77dca1a286d13f237da2617b5913.jpg,1,0,1,0
IMG-20220830-WA0190_jpg.rf.0766b645b4a9dcd58f0e26fde4b56329.jpg,0,1,1,1
23_jpg.rf.0a2b298a04788c919d39089eb4c57337.jpg,0,1,1,1
FB_IMG_1662698179703_jpg.rf.0aba75a4a35ef3eef1d2ee374d3b7ac9.jpg,0,1,1,1
Ayrshirecattle111_jpg.rf.09b77d414cb64c2fe86e7442e60ebe80.jpg,1,0,1,0
Ayrshirecattle60_jpg.rf.0cba6e71186c968e32f4bfde628feb58.jpg,1,0,1,0
Ayrshirecattle95_jpg.rf.0b42057e38a189fd3a7f00a112b1385b.jpg,1,0,1,0
11_jpg.rf.0f65a68b655209c29394ea816f49151d.jpg,0,1,1,1
IMG-20220830-WA0127_jpg.rf.0dff0f1585466fa53513a81ce855b6af.jpg,0,1,1,1
Ayrshirecattle136_c_jpg.rf.0d461a61c3cbe40145428e1e13af5ea3.jpg,1,0,1,0
istockphoto-1361268026-612x612_jpg.rf.10ecddb777c1bb11ce87b7fc63dad92a.jpg,1,0,1,0
Ayrshirecattle145_jpg.rf.105899254d8c8858904ae29f89199e74.jpg,1,0,1,0
IMG-20220830-WA0082_jpg.rf.11a2923f90755edfb9aa0473f7be8800.jpg,0,1,1,1
FB_IMG_1662698173191_jpg.rf.0e6e28181dd4f16b171fc373873df10a.jpg,0,1,1,1
FB_IMG_1662698194054_jpg.rf.12b3e4f21cb182c1b9a4ea98a4d12f22.jpg,0,1,1,1
29_jpg.rf.126d73ef590ee606fc7b8d245a9dab81.jpg,0,1,1,1
Ayrshirecattle122_jpg.rf.139d0184eb8ad101598a2f7ea7fa079d.jpg,1,0,1,0
Ayrshirecattle77_jpg.rf.1660f2cbc18166b9f2b0b297c8c80222.jpg,1,0,1,0
IMG_20220830_075803_jpg.rf.0fa3e793aa343e62d5a934275c5b3b12.jpg,0,1,1,1
35_jpg.rf.1338f114aa53246a38c9b9ba143d9a07.jpg,0,1,1,1
80_jpg.rf.1597ec95e43146ec0225365b5613409d.jpg,0,1,1,1
IMG-20220830-WA0082_jpg.rf.1794f4efb3b7f09baec2cbebbaa261fc.jpg,0,1,1,1
Gallery_1661885931901_jpg.rf.16f26324d625ae0fe9652d975909b985.jpg,0,1,1,1
Ayrshirecattle133_jpg.rf.13c721bc59fb7d4370d8d3fff6faabc1.jpg,1,0,1,0
IMG-20220830-WA0048_jpg.rf.166be5dd16fe1c869fa65f4c808fbc02.jpg,0,1,1,1
Ayrshirecattle60_c_jpg.rf.1936aef8bfaf69c504d3714ed7301ea5.jpg,1,0,1,0
IMG_20220906_172416_jpg.rf.191a93f3d889c8ecd63ef82847767301.jpg,0,1,1,1
Ayrshirecattle42_jpg.rf.19cbc4816c5210f2f80f9dab90471b27.jpg,1,0,1,0
36_jpg.rf.180360fe0754316f71925a2cb2c638c9.jpg,0,1,1,1
IMG-20220830-WA0070_jpg.rf.1b7cfbab389fc8ea1bfa3fc2cbd74b6a.jpg,0,1,1,1
Ayrshirecattle125_jpg.rf.19b21b52a4ade6bdf7fa8bf78cb048da.jpg,1,0,1,0
IMG-20220830-WA0112_jpg.rf.19e2b3a63a289966950c13f6f1f49f39.jpg,0,1,1,1
IMG-20220830-WA0120_jpg.rf.1aa7c43050959a23181ee1d8f348a7ff.jpg,0,1,1,1
FB_IMG_1662698175529_jpg.rf.1ca0a80a4e5df050425d7886ae3d9670.jpg,0,1,1,1
Ayrshirecattle66_c_jpg.rf.1d8848b6c238435612e3ac585c9ed8ce.jpg,1,0,1,0
Ayrshirecattle118_c_jpg.rf.1e859360b924acc7663aaba09f9602d2.jpg,1,0,1,0
Ayrshirecattle133_c_jpg.rf.1eea55c8df10892d32e83f4b93a214ed.jpg,1,0,1,0
Ayrshirecattle58_jpg.rf.1fa7b75345307ccb432d98fc7a77369b.jpg,1,0,1,0
Ayrshirecattle58_c_jpg.rf.1cf19001bfb97245973f50e82db69dda.jpg,1,0,1,0
Ayrshirecattle2_jpg.rf.1ddfca82fdd10a728a01783fde0ce1bd.jpg,1,0,1,0
Ayrshirecattle118_c_jpg.rf.1e0b47f1b39cac17c737343526378e3d.jpg,1,0,1,0
23_jpg.rf.1fdd4120979f003b6da36da7d7d5215b.jpg,0,1,1,1
1661079691_india-lumpy-disease1660851739-0_jpg.rf.1c1204fd780265fed4d15d5d3535d3c8.jpg,0,1,1,1
IMG-20220830-WA0194_jpg.rf.201ca2ad3664ed3c78736a07f8b17a7b.jpg,0,1,1,1
IMG-20220830-WA0070_jpg.rf.22827d680b9279fe950ecb76c3066905.jpg,0,1,1,1
Ayrshirecattle72_jpg.rf.2107ff37428d35a9b9c38ff917df1d81.jpg,1,0,1,0
29_jpg.rf.23776a620db106fca410f1b1b6a096eb.jpg,0,1,1,1
images-2-_jpg.rf.243e90e7a7ca8f0761eb40cec5718e74.jpg,0,1,1,1
Ayrshirecattle104_c_jpg.rf.2620ac296077a78d5fafb5d737dc72b9.jpg,1,0,1,0
Gallery_1661885887156_jpg.rf.21ec6e79c9dc5614b6f9ed8a721fc6e1.jpg,0,1,1,1
23_jpg.rf.255c6b2dcfc3361f8a8e9e6ffaad00a4.jpg,0,1,1,1
Ayrshirecattle70_c_jpg.rf.264a4b03a824ccbaa99b6806989a667a.jpg,1,0,1,0
IMG_20220830_111220_jpg.rf.20fba8020fea0e3be9707ac55c6a0cdb.jpg,0,1,1,1
IMG-20220830-WA0079_jpg.rf.2684b7cbb7a5f38eba46bc6317d05337.jpg,0,1,1,1
IMG-20220830-WA0255_jpg.rf.2746e8696d2373a5d03545e734ee5adb.jpg,0,1,1,1
Ayrshirecattle46_c_jpg.rf.26da5f82a56138811239d579852a1e9c.jpg,1,0,1,0
Ayrshirecattle30_c_jpg.rf.27a5c80d77955d827076a90d2c7a8cd4.jpg,1,0,1,0
FB_IMG_1662698194054_jpg.rf.280af266817fa811f7842d6273501f1a.jpg,0,1,1,1
Ayrshirecattle36_c_jpg.rf.28949438c6151f3f58d3d1b406410d5c.jpg,1,0,1,0
Ayrshirecattle47_c_jpg.rf.276803132bfb0a19e58ce0033ca02b6f.jpg,1,0,1,0
57_jpg.rf.28e5ee569379dc73398d8ee7dbad8b9d.jpg,0,1,1,1
IMG-20220830-WA0192_jpg.rf.293754a3f25e3b1aea6c94aa645b5616.jpg,0,1,1,1
Ayrshirecattle27_jpg.rf.298a082e0cb1f25d8f1d122c292c7fd6.jpg,1,0,1,0
Ayrshirecattle64_c_jpg.rf.29b4026348439120dd887362c80b999e.jpg,1,0,1,0
Ayrshirecattle47_c_jpg.rf.2aa574fdff332ab16a5f1c9e4fb59a4c.jpg,1,0,1,0
Ayrshirecattle3_c_jpg.rf.2b8c3ed91f5e4b03811cb35085f37e00.jpg,1,0,1,0
IMG-20220830-WA0191_jpg.rf.2b39e029b7a2f185d080723cf23850dd.jpg,0,1,1,1
Ayrshirecattle135_jpg.rf.2a80a32a45ec9f15a4e3d4a68afa3956.jpg,1,0,1,0
IMG_20220830_081329_jpg.rf.2a05f269f3bd08483bb61cc89398e5f9.jpg,0,1,1,1
Ayrshirecattle133_c_jpg.rf.2c7688c1681a3572a5768280f86aa1d8.jpg,1,0,1,0
72_jpg.rf.2c477d63de6caec6ef48beb2750b2a71.jpg,0,1,1,1
Ayrshirecattle126_c_jpg.rf.2c08e8af0fffbef72217e14844b467ca.jpg,1,0,1,0
IMG-20220830-WA0054_jpg.rf.2c8e933be88a4fca69083fbb153f6e8b.jpg,0,1,1,1
IMG-20220830-WA0127_jpg.rf.2cc7934409c36a5e81676213766beaba.jpg,0,1,1,1
IMG_Lumpy_skin_disease_i_2_1_MAA9R3GQ_jpg.rf.2ed613cc0f0fb0a7a98530ca1a60dc2e.jpg,0,1,1,1
41_jpg.rf.30bda48ff579a0714996a8e84c6e9cb7.jpg,0,1,1,1
istockphoto-468417756-612x612_jpg.rf.2f8e7bbcce3b541cae288b3a1b5aa830.jpg,1,0,1,0
Ayrshirecattle35_jpg.rf.308137de55c7bc17ab21ce4329e1b387.jpg,1,0,1,0
IMG-20220830-WA0153_jpg.rf.31e5421b612b1d657d93aa3f373a70fa.jpg,0,1,1,1
Ayrshirecattle58_c_jpg.rf.358a36eeb86bcbc7d4001df7f30cc37a.jpg,1,0,1,0
Ayrshirecattle67_jpg.rf.3171137c48834ffedf26c12848398f20.jpg,1,0,1,0
93_jpg.rf.30877dd4010ef0327e61fb569abeb043.jpg,0,1,1,1
IMG_20220830_111220_jpg.rf.32b629c890e30508451956b48dea09db.jpg,0,1,1,1
11_jpg.rf.370b1244d2b5fd083e34cee1901ec918.jpg,0,1,1,1
Ayrshirecattle89_c_jpg.rf.31ebeb312b8e82e5c56c127d86e1cb7c.jpg,1,0,1,0
istockphoto-153630793-612x612_jpg.rf.3786c7c25624e2ab14482dd5f41b8c06.jpg,1,0,1,0
Ayrshirecattle70_jpg.rf.35a12d07517ffb7b4c4476e928c44a6c.jpg,1,0,1,0
IMG_20220906_172316_jpg.rf.322af56c3759972aff8d1cc312d89b4a.jpg,0,1,1,1
IMG-20220830-WA0205_jpg.rf.37a1d5129e473d9d49b50cd37325ac0a.jpg,0,1,1,1
Ayrshirecattle38_c_jpg.rf.37d798663045633df652f9ad206540cc.jpg,1,0,1,0
images-1-_jpg.rf.3945a30ef0750b4b5583b09967271880.jpg,1,0,1,0
Ayrshirecattle135_jpg.rf.376ff6745c47bc355d731ac80cbfdd14.jpg,1,0,1,0
26_jpg.rf.38aace1783ef8c6b3cbd1825560c94f0.jpg,0,1,1,1
40_jpg.rf.3912f71f41fa231e4a9eb265a6c7331c.jpg,0,1,1,1
IMG_20220830_120508_jpg.rf.394dccc475563a32c64802d7c28453ce.jpg,0,1,1,1
Ayrshirecattle64_jpg.rf.3a771c89205101d77b3a0626a2fb2b56.jpg,1,0,1,0
Ayrshirecattle36_jpg.rf.38e82a14d61a771498a946eac7dd5b77.jpg,1,0,1,0
download-24-_jpg.rf.3aad6bd84eaba200afdf9d451efb526e.jpg,1,0,1,0
Ayrshirecattle82_jpg.rf.397476eba4600e382c7688d7228e0e9c.jpg,1,0,1,0
Ayrshirecattle90_jpg.rf.3b16c4070dc950cc6608736aa7239d01.jpg,1,0,1,0
IMG-20220830-WA0070_jpg.rf.3a71a4e8b53d6e9e0a20b513d6aea1ee.jpg,0,1,1,1
IMG-20220830-WA0052_jpg.rf.3a6e6e1aa9c39cbb27d8f1384c5a412b.jpg,0,1,1,1
26_jpg.rf.3aeea26b387f4e105082fed4a21b3b0f.jpg,0,1,1,1
IMG-20220830-WA0197_jpg.rf.3b4dfb6323c5ac3cfcae9a2a73d38340.jpg,0,1,1,1
60_jpg.rf.3becf4118b9302b633190b1b6b816663.jpg,0,1,1,1
Ayrshirecattle64_jpg.rf.3be1722f3d1a2cacb3e881ca48bb3787.jpg,1,0,1,0
IMG_20220906_172316_jpg.rf.3b43c61b1a8ef94788dd1194527b8ddb.jpg,0,1,1,1
Ayrshirecattle67_jpg.rf.3c761712366e7018ff1c89b3b9553c55.jpg,1,0,1,0
A-LSDV-infected-cow_h2_jpg.rf.3ce1e9206b74c28480a129ae046dd0f4.jpg,0,1,1,1
Ayrshirecattle46_c_jpg.rf.3c3102d2fee703f6f1a736df813fb921.jpg,1,0,1,0
4_jpg.rf.3ca6f42ad72bb31a3ab5ed175580dc6d.jpg,0,1,1,1
images-5-_jpg.rf.3e693e24250a38874d9113739f6967c2.jpg,1,0,1,0
Gallery_1661886020452_jpg.rf.3d801bc11ea9da693bd107d0589693d3.jpg,0,1,1,1
Ayrshirecattle82_jpg.rf.40017e75e3fcb269f634ec9a91298362.jpg,1,0,1,0
Ayrshirecattle104_c_jpg.rf.404a1d8867f74b38b86bbf8be9099295.jpg,1,0,1,0
Ayrshirecattle66_c_jpg.rf.40580f7ea5fc9fb792c85be0e2e63ef2.jpg,1,0,1,0
Ayrshirecattle117_c_jpg.rf.409247914edcfa4652573716af9aa899.jpg,1,0,1,0
54_jpg.rf.41e246e8e7fbd5ea0600f6e664d55cb4.jpg,0,1,1,1
IMG_20220829_124417_jpg.rf.406ccd2718acc6512a75b91afffac3a9.jpg,0,1,1,1
Ayrshirecattle26_jpg.rf.40bd81625d532dc0338918a3f3f053e9.jpg,1,0,1,0
IMG-20220830-WA0189_jpg.rf.3fbf42ac5ab172517099a92f1a68a1f3.jpg,0,1,1,1
IMG-20220830-WA0065_jpg.rf.42fdba8f9d95e4a6d5f3644f1811bf66.jpg,0,1,1,1
IMG-20220830-WA0166_jpg.rf.426776f51aa0f8674055b18fc9b338f5.jpg,0,1,1,1
IMG_20220830_081402_jpg.rf.4348391908c38ebf1928036566ac3250.jpg,0,1,1,1
Ayrshirecattle86_jpg.rf.43b8bdbba5d96bafc9ed56e62bbd6fae.jpg,1,0,1,0
IMG_20220830_081529_jpg.rf.438f75539ebeee7ba71ebf2247781b69.jpg,0,1,1,1
IMG-20220830-WA0054_jpg.rf.408beecf0bfc04628e110fdac26c2564.jpg,0,1,1,1
images_jpg.rf.44a75ecccdd9599b8b4b39d1425bdcb2.jpg,1,0,1,0
IMG_20220906_173427_jpg.rf.450f608b4788eb77b30b4866b578bbf7.jpg,0,1,1,1
Ayrshirecattle82_c_jpg.rf.434e2ae0fe9449f2a260e5b5d532da06.jpg,1,0,1,0
Ayrshirecattle67_c_jpg.rf.47ac3e6375f013287bc071392909f411.jpg,1,0,1,0
16_jpg.rf.45477dfdde310685d0896563dce7ac6f.jpg,0,1,1,1
download-22-_jpg.rf.47e6152e2ef08d5c2a9e53c2ff80ce0d.jpg,1,0,1,0
13_jpg.rf.4515b691ecd8471f6a7b91467e3e2a46.jpg,0,1,1,1
IMG-20220830-WA0187_jpg.rf.488260de2b415a44aa5a1d461f47da64.jpg,0,1,1,1
Ayrshirecattle41_c_jpg.rf.489f6364ecf64e4e838461fa9aa02d73.jpg,1,0,1,0
Ayrshirecattle135_jpg.rf.49674ea51bb41e698fd3b5983ac82240.jpg,1,0,1,0
IMG-20220830-WA0200_jpg.rf.4776c15befaf39b79ff42c68bcf6ea5f.jpg,0,1,1,1
Ayrshirecattle57_c_jpg.rf.4b0119771e970001af1c8913a2784b36.jpg,1,0,1,0
IMG-20220831-WA0006_jpg.rf.4b15fe6e9826955a61ceb25a0e1cb053.jpg,0,1,1,1
88_jpg.rf.4bd21f57fdd29dcd17c4d36a3edbcfca.jpg,0,1,1,1
1_jpg.rf.4e4ef321cde0930c8e9d36b6fa9dc34d.jpg,0,1,1,1
Ayrshirecattle56_jpg.rf.4bf1d3fac3003dd01ae08ce679d01ca6.jpg,1,0,1,0
images-14-_jpg.rf.4d6d18053b8318e0594f2eab63bffc3f.jpg,1,0,1,0
IMG-20220830-WA0151_jpg.rf.4e4adef35637d0da92a26f7fdb32b7a7.jpg,0,1,1,1
Ayrshirecattle122_jpg.rf.4f4f1340cef11e4b930ff3d92b75ba46.jpg,1,0,1,0
Ayrshirecattle146_c_jpg.rf.4f0f75c10ac327c7a72567e9f716df1a.jpg,1,0,1,0
65_jpg.rf.5163f2be39eed4c56386f16a37d285e2.jpg,0,1,1,1
Bovine-affected-by-lumpy-skin-disease_jpg.rf.4c05a50bf294cd15f7f898e7bb88c28b.jpg,0,1,1,1
istockphoto-1319281522-612x612_jpg.rf.995226a175a0a955fbc33de7f3214ce7.jpg,1,0,1,0
IMG_20220829_124626_jpg.rf.a354942b646265839d9ed56fa4f580e5.jpg,0,1,1,1
images_jpeg.rf.a5131ece4904d8dcaf77e31b72583785.jpg,0,0,0,1
IMG-20220830-WA0065_jpg.rf.9b091d6fbdde75a3d8e5bb0183ec6340.jpg,0,1,1,1
Ayrshirecattle69_jpg.rf.983d9add00cdf1d9e36b3da4db88068d.jpg,1,0,1,0
images_jpeg.rf.af6c9a8e3d1e1d5ef6d952be559537f5.jpg,0,0,0,1
download-3-_jpg.rf.994ac6a4579344bc128db6564cac753b.jpg,1,0,1,0
images-26-_jpg.rf.963cfc67f78be9602a9fa3e2d126f290.jpg,1,0,1,0
IMG_20220829_130241_jpg.rf.b536cc878062c6ab9a9b718245f7bfdd.jpg,0,1,1,1
IMG_20220906_172358_jpg.rf.add9910fa16e6ce4f259741a8b345228.jpg,0,1,1,1
IMG_20220829_130241_jpg.rf.b3d00542a4ac05a6e211a1b2ba6efb5a.jpg,0,1,1,1
images-25-_jpg.rf.ae3016128e713f610dd7905a49c49997.jpg,1,0,1,0
images-1-_jpeg.rf.b0a6fd630e1b29b4b12c2b41a8e10b6d.jpg,0,0,0,1
Ayrshirecattle77_c_jpg.rf.b0bea6f91d9c128f238625ba67304131.jpg,1,0,1,0
Ayrshirecattle90_jpg.rf.9f14b6a6f550f046f7313d423a6185af.jpg,1,0,1,0
44_jpg.rf.a4a784026cd47dd3f717b04dc4406d10.jpg,0,1,1,1
2_jpg.rf.96a84a3b8a51039f8ee0abae86ba7e6f.jpg,0,0,0,1
images-6-_jpeg.rf.9dc78f4e06b80f7e979dba9c3e23e565.jpg,0,0,0,1
7_jpg.rf.a7aaab21dd2f605f1f819001a5788f62.jpg,0,1,1,1
Ayrshirecattle29_c_jpg.rf.9bf02f17a7435ab197abce59a5636f59.jpg,1,0,1,0
IMG-20220830-WA0062_jpg.rf.9d63aed009ff8dfc1712a521eaa2378c.jpg,0,1,1,1
Ayrshirecattle65_c_jpg.rf.a91d0e54f29c2d05326718fb043e2893.jpg,1,0,1,0
istockphoto-1152402068-612x612_jpg.rf.a21586381bd375a621d134e467cce18c.jpg,1,0,1,0
images-20-_jpg.rf.b5583b868b093f9eb3f93154a70489ec.jpg,1,0,1,0
Ayrshirecattle134_jpg.rf.aeec9554906d8686d9c5b2995f84c4a6.jpg,1,0,1,0
IMG-20220830-WA0192_jpg.rf.b92657fd2922a093df17401ebdcbb6bf.jpg,0,1,1,1
images-7-_jpg.rf.b5e44ace6c6d88d463c8bdd407f54bf3.jpg,1,0,1,0
Ayrshirecattle67_jpg.rf.b5760766fc36c11a311e5ffc946dcf35.jpg,1,0,1,0
1_jpg.rf.ba01ae236bcdf34bf947b0ce849806c2.jpg,0,0,0,1
Ayrshirecattle109_c_jpg.rf.bd9117c28a71376028c8e0fb3f957c62.jpg,1,0,1,0
download-1-_jpg.rf.bf56412ca7393fa9be9168594b91e4ff.jpg,0,0,0,1
IMG-20220830-WA0112_jpg.rf.b58ec965759aadfb9d8bc35f536b9baa.jpg,0,1,1,1
images-1-_jpeg.rf.c2eba11cdb71af675b8b8ba2f41aaad4.jpg,0,0,0,1
Gallery_1661886020452_jpg.rf.c5aeb0fcd2fbcddaa2704669907684e6.jpg,0,1,1,1
Ayrshirecattle121_c_jpg.rf.c2d90c908ed6c41c838860467f473966.jpg,1,0,1,0
IMG-20220830-WA0105_jpg.rf.c464fc8d44f587442657fc9ec061cf33.jpg,0,1,1,1
IMG-20220830-WA0197_jpg.rf.c50d775a0f82a08ca195bbfe1df21027.jpg,0,1,1,1
Ayrshirecattle43_c_jpg.rf.c621399288852b5d6685418fdacafbd4.jpg,1,0,1,0
Ayrshirecattle0_jpg.rf.c97fdc36386ef8cc44cb0bd09c91d0be.jpg,1,0,1,0
IMG_20220907_184051_jpg.rf.c924cbd1346ce5fba29bb52999332e0b.jpg,0,1,1,1
Ayrshirecattle88_jpg.rf.c9b4b6e6ba46ff7cfce3780237ee983f.jpg,1,0,1,0
images-4-_jpeg.rf.c9d199f2b7f2493a2b7e869c3c589836.jpg,0,0,0,1
images-5-_jpeg.rf.cdd6a2ce84a519423c7070657ad7ffd6.jpg,0,0,0,1
Bovine-respiratory-Disease_jpg.rf.ccce3a11efead6c329f310645d33e1a3.jpg,0,0,0,1
Ayrshirecattle88_jpg.rf.cebe775568d9bcb2c14dc3553ba9cedc.jpg,1,0,1,0
Ayrshirecattle0_jpg.rf.d1210e60cae3fd4d8579345aeaff7286.jpg,1,0,1,0
images-2-_jpeg.rf.d308846450a07819be2da9e0d085b785.jpg,0,0,0,1
26_jpg.rf.d2bfdefbaf77801f69f6ecfd91b03dff.jpg,0,1,1,1
IMG_20220830_080243_jpg.rf.d30c2857c87a7dcb64dacabed284616d.jpg,0,1,1,1
IMG_20220830_110235_jpg.rf.d3d0e48f1c0babfd7178d8687bf91ced.jpg,0,1,1,1
Ayrshirecattle60_jpg.rf.d5da14684bcf48f9713d3278074d0c0b.jpg,1,0,1,0
images-7-_jpeg.rf.d5ab9c36c370faed7c500f6d529284e5.jpg,0,0,0,1
Ayrshirecattle142_jpg.rf.d980d0b516681ad8c009b02d2b3f8fdb.jpg,1,0,1,0
Ayrshirecattle26_jpg.rf.d99fdef4e82a6394e67af05bb3619a9d.jpg,1,0,1,0
IMG-20220830-WA0105_jpg.rf.da95879ee4017497413a5399677d2fed.jpg,0,1,1,1
download_jpg.rf.cf8d8e1a0c74dfb260b4710ea3cad776.jpg,0,0,0,1
Ayrshirecattle95_c_jpg.rf.d76f72e7e55d01716b59eeea4a6d4131.jpg,1,0,1,0
IMG-20220830-WA0189_jpg.rf.db1d8d64c63d3a00fe181c571dadecc8.jpg,0,1,1,1
Ayrshirecattle27_c_jpg.rf.dd9581e6a08260308b79745189afab1a.jpg,1,0,1,0
images-1-_jpg.rf.dc1c2aa2984cad2c2f517b868a6c427f.jpg,0,1,1,1
IMG_20220907_184051_jpg.rf.db951a996c73876ed5ef6b16bcf68a42.jpg,0,1,1,1
IMG_20220906_172416_jpg.rf.e0aab5e0003f4b6d9a61430069f43879.jpg,0,1,1,1
Ayrshirecattle105_jpg.rf.df4545918328e40d702e664d5f87349e.jpg,1,0,1,0
images-31-_jpg.rf.deff0fe509896663763bdf942185b598.jpg,1,0,1,0
IMG_20220906_173427_jpg.rf.e1a72fa2fe10332e8447788b91ad3426.jpg,0,1,1,1
IMG-20220830-WA0195_jpg.rf.e12ec6f0c7df7cf9239e74735af2c977.jpg,0,1,1,1
Ayrshirecattle51_jpg.rf.e0b65c32f4f97fe103b4d7d41a5a5134.jpg,1,0,1,0
istockphoto-1417611801-612x612_jpg.rf.de533fa757b9ef13caaf264df018899f.jpg,1,0,1,0
Ayrshirecattle82_c_jpg.rf.e0b8afac634eac744db6db6943560fd4.jpg,1,0,1,0
down_jpg.rf.e436f0035721d0cd2fe8d97b534c99b8.jpg,0,0,0,1
images-28-_jpg.rf.e2413d8cd1ffc98ab86ac04c67e29efb.jpg,1,0,1,0
IMG-20220830-WA0240_jpg.rf.e2486a3666d26e354fab5354e1bbd415.jpg,0,1,1,1
IMG-20220830-WA0237_jpg.rf.e334c5ebd94eb1a830d6328bef698548.jpg,0,1,1,1
Ayrshirecattle2_c_jpg.rf.e5ef8f58be520cb1759fc158abf37ead.jpg,1,0,1,0
Ayrshirecattle58_jpg.rf.ef418f5f5ec33475a9178fa17430e609.jpg,1,0,1,0
Ayrshirecattle41_c_jpg.rf.e8712046f80ee41417e92969f258546d.jpg,1,0,1,0
Ayrshirecattle118_jpg.rf.efdc1d8e0a0a4ff03a15386fa424e4b4.jpg,1,0,1,0
IMG_20220830_110235_jpg.rf.ea72bcda6f1ac385a72d3dda838f23d0.jpg,0,1,1,1
79_jpg.rf.f978888b6fca2a01743a62a3766bdaac.jpg,1,1,2,0
Ayrshirecattle111_jpg.rf.f9be68f59df13f37ba3777f8d559c1c3.jpg,1,0,1,0
Ayrshirecattle4_c_jpg.rf.fa7d745ab5d3bfb4c7c9391118756c4c.jpg,1,0,1,0
Ayrshirecattle82_jpg.rf.f11a1aedce827fcb7191e13d7aa5fae0.jpg,1,0,1,0
istockphoto-1429406508-612x612_jpg.rf.fdaeabf69aa8eddde85f5a1566190df7.jpg,1,0,1,0
31_jpg.rf.ff037701f20db7e4eb35b977a4a7824b.jpg,0,1,1,1
download-16-_jpg.rf.00c449c2621fcf7d633385fa288b8dd5.jpg,1,0,1,0
Ayrshirecattle88_c_jpg.rf.0190073f3edbaff7e28c492b32ec5854.jpg,1,0,1,0
IMG-20220831-WA0007_jpg.rf.05ae60291bac6c6d0056cbb06cfd9911.jpg,0,1,1,1
1_jpg.rf.00fe75bba956272158b5ebd8c6235ac5.jpg,0,1,1,1
Ayrshirecattle82_jpg.rf.071f8a128c1bfa69d9881227404dc987.jpg,1,0,1,0
istockphoto-92041231-612x612_jpg.rf.0acd7f068205b27e9b130bb748408b5b.jpg,1,0,1,0
IMG_20220830_081529_jpg.rf.0c1100e598ff515d4fb1a0685c535b67.jpg,0,1,1,1
19_jpg.rf.0e2e956eed134bec26b58e3d25281bcb.jpg,0,1,1,1
IMG-20220830-WA0195_jpg.rf.0f95b92bdcd4f02d375e72c4803e0506.jpg,0,1,1,1
11_jpg.rf.1531ecee7a17b124987990a2aea4fdc5.jpg,0,1,1,1
images-16-_jpg.rf.15dac255f8ff216b9e2861c1b3fb6a9a.jpg,1,0,1,0
Ayrshirecattle84_jpg.rf.177be2279f750e25603f181ce6cb877d.jpg,1,0,1,0
Bovine-Tuberculosis_jpeg.rf.15f13178f7d2cb662ba1c6bca84ff569.jpg,0,0,0,1
IMG_20220830_080456_jpg.rf.0feb9ab18d0f03f6fca40774b57a3f63.jpg,0,1,1,1
IMG_20220906_172314_jpg.rf.030f6fa2dfa176395829f5f60bb29525.jpg,0,1,1,1
Ayrshirecattle122_jpg.rf.1868427b0e868969f27fbca54ff15116.jpg,1,0,1,0
IMG-20220830-WA0191_jpg.rf.12fa7f0da5cfcfb1c5b055869dbf01a3.jpg,0,1,1,1
27_jpg.rf.17bd6712e8ddf78537a8a843615141a3.jpg,0,1,1,1
IMG_20220906_174355_jpg.rf.1eaa85d6d29bda89676daf6145f26d36.jpg,0,1,1,1
istockphoto-182687138-612x612_jpg.rf.1b4d8ff1fffdcedb089131c327e3ecd0.jpg,1,0,1,0
FB_IMG_1662698179703_jpg.rf.20e6e99d622984fc3d7899b02eef1256.jpg,0,1,1,1
84_jpg.rf.2407ffb989094613ee3310084a167000.jpg,0,1,1,1
FB_IMG_1662698194054_jpg.rf.1e59c244a29ccd30404eac5eae80008a.jpg,0,1,1,1
Ayrshirecattle102_jpg.rf.2011eca9648b60ab10523e9e0193be56.jpg,1,0,1,0
Ayrshirecattle142_c_jpg.rf.26ec6e02010a89e57d07d4ad137e8548.jpg,1,0,1,0
IMG_20220830_105903_jpg.rf.2870f66698ee917124bb9d7887436974.jpg,0,1,1,1
Ayrshirecattle3_c_jpg.rf.2a934f8043a54931b3d0796288ac9a35.jpg,1,0,1,0
istockphoto-106531788-612x612_jpg.rf.24f07bf797c2a9932bd751bb132f99f9.jpg,1,0,1,0
Ayrshirecattle66_c_jpg.rf.3346c0d06b621cd2b0448d8b59336cc2.jpg,1,0,1,0
IMG-20220830-WA0125_jpg.rf.2980d09fb31d34d5ecf59d5bb3f415ab.jpg,0,1,1,1
IMG-20220831-WA0007_jpg.rf.2d4c3e38bfceb5404341d0ea4a451d82.jpg,0,1,1,1
IMG_20220830_120508_jpg.rf.346677608a67c8bf8335ff56844f2843.jpg,0,1,1,1
1661079691_india-lumpy-disease1660851739-0_jpg.rf.271ff0840c9cffac66af96744a78481a.jpg,0,1,1,1
IMG_20220830_075647_jpg.rf.350c95c7cb4c7cd742a50e5d8ad80405.jpg,0,1,1,1
images-3-_jpeg.rf.34f8f4c8f018ea4559d1b4141faa3509.jpg,0,0,0,1
download-18-_jpg.rf.365fb81827aab35b1ce9a7187782dd36.jpg,1,0,1,0
Ayrshirecattle109_c_jpg.rf.3f6d94ded0cb95f3815f47bd44675a49.jpg,1,0,1,0
IMG_20220830_075647_jpg.rf.39186161b12fe695bab5ff8bb7c754ef.jpg,0,1,1,1
Ayrshirecattle3_c_jpg.rf.39fad5069c541859f1b51bd4bd52f78d.jpg,1,0,1,0
IMG_20220906_172358_jpg.rf.3e783900277e90e367bdd42edc3663d7.jpg,0,1,1,1
Ayrshirecattle29_jpg.rf.42bd8b7b66a3df94adc854c6e5b46d54.jpg,1,0,1,0
IMG_20220830_110005_jpg.rf.4042e389ba84f151b78a567165d0a0ae.jpg,0,1,1,1
IMG_20220829_124626_jpg.rf.44b806da1e42fbd77a0c10dc23f026b4.jpg,0,1,1,1
IMG-20220830-WA0252_jpg.rf.4aa5e861604671187941a4d7e00f61e5.jpg,0,1,1,1
Ayrshirecattle113_c_jpg.rf.4b40dcc33fde0b360e117193b9a1f417.jpg,1,0,1,0
Ayrshirecattle90_c_jpg.rf.4f6b5eef05cb2fe97de94931231f2f1f.jpg,1,0,1,0
istockphoto-118205813-612x612_jpg.rf.4bb59d16b823e92f4b76ddff1be89f5d.jpg,1,0,1,0
Ayrshirecattle36_c_jpg.rf.4426fd085721bc2e8153ab54fd4773d8.jpg,1,0,1,0
Ayrshirecattle46_jpg.rf.579b8adb623e19f1fe5d8658258c46bc.jpg,1,0,1,0
images-13-_jpg.rf.58c528165f1f5606cc8f19a7e38457a5.jpg,1,0,1,0
IMG_20220830_104851_jpg.rf.5568bc9b95418aa5af394f7f723187d6.jpg,0,1,1,1
Digital-Dermatitis-credit-_jpg.rf.5b7a0b48fa8b4f28fe78d30c4d567da3.jpg,0,0,0,1
Ayrshirecattle117_c_jpg.rf.5e2a78bfd892bf33b95f25958eeb8e05.jpg,1,0,1,0
IMG_20220906_172316_jpg.rf.42bc76ba2db9e7611aeac9bf5df71e5a.jpg,0,1,1,1
IMG-20220830-WA0237_jpg.rf.5bc381d75e0eb146a436c8d63bce3920.jpg,0,1,1,1
images-9-_jpg.rf.4d769a82c633deeaf67d02ab397b4fea.jpg,1,0,1,0
Ayrshirecattle1_c_jpg.rf.612d68005f3206c7056f12412c5ad0b0.jpg,1,0,1,0
Ayrshirecattle42_c_jpg.rf.6000ad48f1cc3d86d1c0f255b131b92a.jpg,1,0,1,0
images-11-_jpg.rf.5fe7f3ab871eb5aafacd09cf5657ddb9.jpg,1,0,1,0
images-2-_jpg.rf.604ad8a1a96ffa7e560f3cf4357d1d51.jpg,0,1,1,1
IMG-20220901-WA0055_jpg.rf.64049d055681a6a88523513363503099.jpg,0,1,1,1
images-2-_jpg.rf.66365344fa2dba39dee9f1dc68a5fc1d.jpg,1,0,1,0
Ayrshirecattle105_c_jpg.rf.674555d6727d77e38f3cd1ffa23b510a.jpg,1,0,1,0
30_jpg.rf.66c2c37cf107edf2a592d7ff246e5e1b.jpg,0,1,1,1
images-24-_jpg.rf.6807fe6a34976d7f9c9d82883aaa2942.jpg,1,0,1,0
istockphoto-1431257009-612x612_jpg.rf.6936b14db525eaafe4f556a81a71e208.jpg,1,0,1,0
29_jpg.rf.6942a742526f841d33011d1e74e09305.jpg,0,1,1,1
IMG-20220830-WA0125_jpg.rf.69ce24c4be9c1091f7dd5e2e3c05e5c7.jpg,0,1,1,1
IMG_20220830_080456_jpg.rf.6be82a928d31fbb49381a4890a3c6e4b.jpg,0,1,1,1
Ayrshirecattle66_jpg.rf.6a37f9923427970fb05dfdf19186e21e.jpg,1,0,1,0
Ayrshirecattle124_jpg.rf.6af8fe51e05f6d43f3d7b0a961f1bb2f.jpg,1,0,1,0
Ayrshirecattle45_c_jpg.rf.6f3e207f72c183fcd1855b23b794c0b5.jpg,1,0,1,0
Ayrshirecattle63_jpg.rf.698a5f4681f96d8c471cc4e5f8f7ebac.jpg,1,0,1,0
images_jpeg.rf.74014a6f203bacc7870c09a5077252d8.jpg,0,0,0,1
Ayrshirecattle51_jpg.rf.718dd2027a88b8010475ec85140decf0.jpg,1,0,1,0
IMG-20220830-WA0126_jpg.rf.763e3de3fd9365cf3c9c0d79ec70c649.jpg,1,1,2,0
IMG-20220830-WA0166_jpg.rf.72c814217d4e6aa0debb71a5bda5721d.jpg,0,1,1,1
IMG-20220830-WA0218_jpg.rf.7b53e52128949cf1ac52350898ae47fb.jpg,0,1,1,1
Ayrshirecattle27_jpg.rf.7b7a4818a5b3b6b13de5b1a260600045.jpg,1,0,1,0
Ayrshirecattle118_jpg.rf.73201e83478de917949e5dee0c6efa1f.jpg,1,0,1,0
IMG-20220831-WA0007_jpg.rf.77d31bfdc92f2baf4a9e466367ae8ec5.jpg,0,1,1,1
download_jpg.rf.7b965a0f208b2a64e5e3bef0e3ccc5c2.jpg,0,0,0,1
istockphoto-937024792-612x612_jpg.rf.7b807f4aaf70e498dc9611a78b2a50fa.jpg,1,0,1,0
1_jpg.rf.7ff9a663f8ba230d2b2f2fea8baba861.jpg,0,1,1,1
images-22-_jpg.rf.7c1761d8f361e3bab74100a9c1a29d83.jpg,1,0,1,0
Ayrshirecattle102_jpg.rf.824fe530cab53287c6848b7a3b273ec7.jpg,1,0,1,0
Ayrshirecattle77_c_jpg.rf.836b54b6bf20f078dc575bbc3a2e2acd.jpg,1,0,1,0
IMG_20220829_124626_jpg.rf.81f2850a0932ef4a8efd999d316f7118.jpg,0,1,1,1
31_jpg.rf.897297df2232176319d0393f02c9a1dd.jpg,0,1,1,1
IMG-20220830-WA0238_jpg.rf.87059a6bd49a7ee60b30a9dd6142bace.jpg,0,1,1,1
IMG-20220830-WA0141_jpg.rf.84b7378819aec016eff24c5821f86e3d.jpg,0,1,1,1
29_jpg.rf.837f2062e16b32d83e87e52ac53513dd.jpg,0,1,1,1
images-35-_jpg.rf.8bdda82001163078e20945f72c212b0f.jpg,1,0,1,0
Ayrshirecattle60_c_jpg.rf.8f6cc8324592ea7514bf22a2d8bdaef4.jpg,1,0,1,0
Ayrshirecattle105_c_jpg.rf.8e7167fee3b42204ca43129663c2fa98.jpg,1,0,1,0
images-33-_jpg.rf.90c7af1f7fdfa9714e7f9f4bb48142cb.jpg,1,0,1,0
14_jpg.rf.953356214e14e21d2943b847f6e0c167.jpg,0,1,1,1
Ayrshirecattle134_c_jpg.rf.8fcc510068e6e6e28db8012c951853b5.jpg,1,0,1,0
Ayrshirecattle2_jpg.rf.895066769a421b864732a2ee351b5981.jpg,1,0,1,0
images-2-_jpg.rf.8bdf90d5088e052c461c87f45efb3546.jpg,0,1,1,1
IMG_20220830_110358_jpg.rf.951da09478820a8d269c7054526d20e6.jpg,0,1,1,1
Ayrshirecattle65_c_jpg.rf.95fe11c879bca48b240a9bab981bd5fb.jpg,1,0,1,0
